YEAR_ID,total_sales
2003,3516979.540000001
2004,4724162.599999997
2005,1791486.71
